RadioToolKit	https://relay3.radiotoolkit.com/sp320	0
EHR-Dance	http://stream.europeanhitradio.com:8000/Stream_24.mp3	0
RM FM - Trance	http://rautemusik-de-hz-fal-stream12.radiohost.de:80/trance	0
Radio 1Mix Trance	http://fr1.1mix.co.uk:8060/320	0
пионер фм кассета	https://listen10.myradio24.com/cassette1_256	0
пионер фм новая волна	https://listen10.myradio24.com/pionerro_newsound	0
1.FM - Absolute TOP 40 Radio	http://prmstrm.1.fm:8000/top40	0
пионер фм	https://listen10.myradio24.com/pionerfm_256	0
Радио КНИГА	http://bookradio.hostingradio.ru:8069/fm	0
DE:TranceBase FM	http://aachd.stream.tb-group.fm:80/trb-hd.aac	0
Dance Wave (flc)	https://dancewave.online/dance.flac.ogg.m3u	0
Модель для сборки (аудиокниги)	http://mds-station.com:8000/mds	0
Radioparadise Radio2050 (flacm)	http://stream.radioparadise.com/radio2050-flacm	0
Radioparadise Global (flacm)	http://stream.radioparadise.com/global-flacm	0
Radioparadise (flacm)	http://stream.radioparadise.com/flacm	0
Radioparadise Mellow Mix (flac)	http://stream.radioparadise.com/mellow-flac	0
Radioparadise World (flc)	http://stream.radioparadise.com/eclectic-flac	0
Радио Фантастики (разговорное)	http://fantasyradioru.no-ip.biz:8002/live	0
Trance Century Radio	http://109.105.59.27:8000/tcr128	0
Love Радио (К.Яр)	http://online-1.gkvr.ru:8000/love_kra_64.aac	0
Le Son Parisien - Electronic, Indie, Alternative and Lounge (flc)	http://stream.lesonparisien.com/live.flac	0
Европа Плюс (К.Яр)	http://online-1.gkvr.ru:8000/europa_kra_64.aac	0
Roxy Radio - Rock, Pop and Chillout Pop (flc)	https://s2.audiostream.hu/roxy_FLAC	0
Discover Trance	http://paris.discovertrance.com:8008/;stream.nsv	0
Новое Радио (К.Яр)	http://online-1.gkvr.ru:8000/novoe_kra_64.aac	0
Радио 7 на семи холмах (К.Яр)	http://online-1.gkvr.ru:8000/radio7_kra_64.aac	0
Dance Wave!	http://stream.dancewave.online:8080/dance.mp3	0
Радио NRJ (К.Яр)	http://pub0302.101.ru:8000/stream/reg/mp3/128/region_energy_47	0
Радио Лайк FM (К.Яр)	http://pub0302.101.ru:8000/stream/reg/mp3/128/region_like_5	0
Радио Красноярск FM	http://online.krasnoyarskfm.ru:8000/krasnoyarskfm_mp3	0
SuperStereo YachtRock	http://icecast.centaury.cl:7550/SuperStereo1	0
Радио СИ (Екб.)	http://online.radioc.ru:8000/radioc_aacplus	0
Радио Юмор FM (К.Яр)	http://pub0302.101.ru:8000/stream/reg/mp3/128/region_humor_313	0
1.FM Amsterdam Trance Radio	http://strm112.1.fm/atr_mobile_mp3	0
Love Radio 98.5 FM (Екб.)	http://stream2.n340.com:80/12_love_64_reg_60967?type=.aac&UID=16706177CB4292202AFAB293EA798CAD	0
Радио Пилот 100,4 FM (Екб.)	http://online.pilotfm.ru:8000/pilot_aacplus	0
Пилот FM-Dance (Екб.)	http://online.pilotfm.ru:8000/pilot_dance_mp3	0
1.FM Rock Classics Radio	http://strm112.1.fm/rockclassics_mobile_mp3	0
Радио Серебряный Дождь (К.Яр)	http://krassilver.ru/online	0
Радио 99.1 FM (К.Яр)	http://online.99-1.ru:8000/99i1_mp3	0
Пилот FM-Secret (Екб.)	http://online.pilotfm.ru:8000/pilot_secret_mp3	0
Пилот FM-Lounge (Екб.)	http://online.pilotfm.ru:8000/pilot_lounge_mp3	0
Хит-ФМ 88,3 - (Екб.)	http://online2.gkvr.ru:8000/hitfm_eka_64.aac	0
Радио NRJ (Екб.)	http://pub0302.101.ru:8000/stream/reg/mp3/128/region_energy_60	0
Европа Плюс (Екб.)	http://online-1.gkvr.ru:8000/europa_eka_64.aac	0
Радио Монте-Карло (Екб.)	http://online-1.gkvr.ru:8000/mc_eka_64.aac	0
Joy Hits - Fresh Music Only! (flc)	https://joyhits.online/joyhits.flac.ogg	0
Авторадио	http://ic5.101.ru:8000/v3_1	0
Радио Рекорд (Екб.)	http://online-1.gkvr.ru:8000/record_eka_64.aac	0
Радио Шансон (Екб.)	http://online-1.gkvr.ru:8000/chanson_eka_64.aac	0
Krasnoyarsk Glavniy	https://streamer01.1028.fm:8443/arstream	0
Радио Сибирь (К.Яр)	http://stream-2.radiosibir.ru:8090/kr2	0
Детское Радио (Екб.)	http://pub0302.101.ru:8000/stream/reg/mp3/128/region_deti_5	0
Русское радио	http://rusradio.hostingradio.ru:80/rusradio96.aacp	0
Волна-FM (Екб.)	http://radio.volnafm.ru:8000/ekb	0
Камеди Радио (Екб.)	http://pub0302.101.ru:8000/stream/reg/mp3/128/region_comedy_9	0
Радио Premium	http://listen.rpfm.ru:9000/premium128	0
Серебряный дождь 88,8 FM (Екб.)	http://213.59.4.27:8000/silver128.mp3	0
Радио Лето FM (Екб.)	http://online.radioletofm.ru:8000/radioletofm	0
Радио Дача 104,1 FM (Екб.)	http://stream.radiodacha.ru:80/14_dacha_64?type=.aac&UID=16706177CB4292202AFAB293EA798CAD	0
1.FM BOM Psytrance Radio	http://strm112.1.fm/psytrance_mobile_mp3	0
1.FM Absolute Trance (Euro) Radio	http://strm112.1.fm/trance_mobile_mp3	0
Дорожное Радио (Екб.)	http://emgregion.hostingradio.ru:8064/ekb.dorognoe.mp3	0
Новое Радио (Екб.)	http://emgregion.hostingradio.ru:8064/ekb.novoe.mp3	0
Радио Studio 21 (Екб.)	http://emgregion.hostingradio.ru:8064/ekb.s21.mp3	0
Наше Радио (Екб.)	http://nasheekt.hostingradio.ru/nasheekt128.mp3	0
НАШЕ Радио	http://nashe3.hostingradio.ru:80/nashe-128.mp3.m3u	0
Радио Рок Арсенал (Екб.)	http://online.rockarsenal.ru:8000/rockarsenal	0
Радио Вышка - Екатеринбург	http://stream.vyshka24.ru:80/192	0
Комсомольская Правда - Москва	http://kpradio.hostingradio.ru:8000/128	0
Дорожное Радио	http://dorognoe.hostingradio.ru:8000/radio	0
Радио Маяк (Екб.)	http://icecast-vgtrk.cdnvideo.ru/ural_radio_mayak	0
Континенталь (Члб.)	http://stream01.radiocon.ru:8000/live	0
Радио Ретро FM	http://retroserver.streamr.ru:8043/retro128	0
Интерра FM (П.Урал.)	http://ice.interra.fm:8000/barix	0
Радио Шансон	http://chanson.hostingradio.ru:8041/chanson256.mp3	0
Russian DNB FM	http://go.dnbfm.ru:8000/play	0
Радио Свежее	http://emg02.hostingradio.ru:80/fresh64.aac	0
Capital FM 105,3	http://icecast.vgtrk.cdnvideo.ru:80/moscowfmen128	0
Радио России	http://icecast.vgtrk.cdnvideo.ru:8000/rrzonam_mp3_128kbps	0
DANCE - ALIUSART fm	http://www.aliusart.ru:8004/;stream.nsv	0
Europa Plus	http://europaplus.hostingradio.ru:8014/europaplus320f.mp3	0
BestMMX - BeachClub	http://best.streamr.ru:80/best-128.mp3	0
Business FM	http://bfmstream.bfm.ru:8004/fm64	0
Europa Plus New	http://emg02.hostingradio.ru:80/ep-new128.mp3	0
Теплое Радио Нетоп FM	http://radio2.teploe.net:8000/teploeradio	0
Europa Plus Light	http://emg02.hostingradio.ru:80/ep-light128.mp3	0
Garage FM Moscow	http://music.garagefm.ru:8005/Garagefm128	0
Europa Plus Residance	http://emg02.hostingradio.ru:80/ep-residance128.mp3	0
EuropaRussia	http://europarussia.ru:8000/live	0
Dorognoe frontovaya	http://dorognoe.hostingradio.ru:8000/dorognoe1945.mp3	0
Русские Песни	http://listen.rusongs.ru:80/ru-mp3-128	0
Europa Plus Acoustic	http://epdop.hostingradio.ru:8033/acoustic128.mp3	0
Легенды FM	http://live.legendy.by:8000/legendyfm	0
Europa Plus TOP-40	http://eptop128server.streamr.ru:8033/eptop128	0
Europa Plus Party	http://epdop.hostingradio.ru:8033//epparty128.mp3	0
Радио Пассаж	http://listen.radiopassazh.ru:80/mp3-128	0
Пирамида FM	http://91.211.56.218:8080/piramida/nazarovo	0
Радио Пилот	http://online.tv-pilot.ru:1027/pilotradio	0
Эльдорадио	http://emgspb.hostingradio.ru:80/eldoradio128.mp3	0
Кекс FM	http://emg02.hostingradio.ru:80/keksfm64.aac	0
Искатель	http://iskatel.hostingradio.ru:8015/iskatel-128.mp3	0
Душевное Радио	http://air.volna.top:80/DushevnoeRadio48	0
Коммерсант FM	http://kommersant77.hostingradio.ru:8016/kommersant128.mp3	0
Радио ULTRA	http://nashe3.hostingradio.ru:80/ultra-128.mp3	0
100Hitz - Alternative	http://206.217.213.235:8230/	0
Радио За облаками	http://195.88.63.114:8000/zaoblakami	0
Rock MMX	http://nashe2.hostingradio.ru:80/rock-128.mp3	0
Radio Classic	http://jfm1.hostingradio.ru:14536/rcstream.mp3	0
Bells - Хиты 70-80х	http://listen.radionomy.com:80/alltime70s80sgreatest	0
Радио Yum FM	http://yumfm.hostingradio.ru:8020/yumfm128.mp3	0
PULSRADIO TRANCE	http://icecast.pulsradio.com:80/pulstranceHD.mp3	0
Радио Хорошего Настроения	http://188.93.129.110:8000/fm1018	0
Радио Сибирь	http://stream.radiosibir.ru:8090/HQ	0
Говорит Москва	http://media.govoritmoskva.ru:8880/ru64.mp3	0
Радио Шоколад	http://choco.hostingradio.ru:10010/fm	0
Интерволна	http://online.intervolna.ru:8001/radio128	0
Радио-Новочеркасск	http://online.radio-n.ru:8000/radio	0
Радио Образ	http://213.177.106.78:8006/;?2578	0
Радио Модное	http://cast.modnoeradio.ru:8000/mp128	0
Мир Белогорья	http://mirbelogorya.ru:8008/nonstop2	0
Радио Jazz	http://jazz.streamr.ru:80/jazz-128.mp3	0
L Радио	http://96mp3.lradio.ru:8000/lradio.stereo.96.mp3	0
DreamStream	http://stream.laut.fm:80/dreamstream	0
Радио 161 FM	http://stream.161.fm:8000/128	0
Радио MixFM	http://radio.gubernia.com:8000/radio3	0
БИМ Радио	http://av.bimradio.ru:8066/bim_mp3_128k	0
Юнитон	http://online.uniton.ru:8300/RadioUniton192	0
Радио 1 (новости, разговорное)	http://cdn.radio1.news:8000/rtvp_mp3	0
Радио 13	http://play.radio13.ru:80/	0
Радио Буу!	http://buu.hostingradio.ru:8005/radio	0
THT MUSIC RADIO	http://tntradio.hostingradio.ru:8027/tntradio128.mp3	0
DJ_Dron Radio	http://djdron.ddns.net:80/	0
Радио Родных Дорог	http://stream1.radiord.ru:8000/live96.aac	0
Радио Рекорд	https://radio-srv1.11one.ru:443/record192k.mp3	0
Радио Шок	http://spb.radioshock.ru:80/radioshock	0
Relax FM 94.9 FM	https://pub0301.101.ru:8443/stream/air/mp3/256/200	0
Русский Хит 98.1 FM	https://rusradio.hostingradio.ru/rusradio128.mp3	0
Радио Картина	http://rs.kartina.tv:80/kartina_128kb	0
Юмор FM 99.1 FM	https://pub0301.101.ru:8443/stream/air/mp3/256/102	0
Energy 101.1 FM	https://pub0202.101.ru:8443/stream/reg/mp3/128/region_energy_65	0
DFM 104.3 FM	http://live.borneo.ru:8888/dfm128	0
Ретро FM Retro '70s	http://retro70.hostingradio.ru:8025/retro70-128.mp3	0
НАШЕ Радио 100.7 FM	https://nashe1.hostingradio.ru:443/nashe-256	0
Дорожное радио 102.3 FM	https://dorognoe.hostingradio.ru:443/radio	0
Love Radio 103.8 FM	http://c2.auracast.net:8097/stream	0
Борнео 107.2 FM	http://live.borneo.ru:8888/128	0
Маяк 105.7 FM	https://icecast-vgtrk.cdnvideo.ru/mayakfm_mp3_192kbps	0
Новое Радио 98.5 FM	https://emgregion.hostingradio.ru:8064/voronezh.novoe.mp3	0
Авторадио 103.4 FM	https://pub0301.101.ru:8443/stream/air/mp3/256/100	0
Шансон 102.8 FM	https://chanson.hostingradio.ru:8041/chanson256.mp3	0
Дождливое	http://stream.laut.fm:80/dozhdlivoe	0
Europa Plus Urban	http://epdop.hostingradio.ru:8033/ep-urban128.mp3	0
Радио 7 на семи холмах 101.6 FM	https://emgregion.hostingradio.ru:8064/voronezh.radio7.mp3	0
Европа Плюс 100.3 FM	https://ep256.hostingradio.ru:8052/europaplus256.mp3	0
Record Moldova	http://212.56.220.74:8000/RecordMD	0
Радио Ваня	http://icecast-radiovanya.cdnvideo.ru:8000/radiovanya	0
NU EUPHORIA Trance Moscow	http://194.87.111.252:8000/live	0
Love Radio	https://icecast-newradio.cdnvideo.ru/newradio3	0
Donat FM - Музыка СССР (Music of the USSR)	http://c6.radioboss.fm:8098/stream	0
Donat FM - Зарубежные хиты (Foreign hits)	http://c6.radioboss.fm:8089/stream	0
Радио Ulitka	http://air.radioulitka.ru:8000/ulitka_192	0
Маруся FM	https://radio-holding.ru:9433/marusya_default	0
Maximum 106.1 FM	https://maximum.hostingradio.ru:443/maximum128.mp3	0
RADCAP - Hardstyle	http://79.111.14.76:8000/hardstyle	0
RADCAP - DRUM&BASS	http://79.111.14.76:8000/drumbass	0
RTR - Trance.Ru Channel	http://schizoid.in:8000/schizoid	0
RADCAP - Dream Trance	http://79.120.39.202:8000/dreamtrance	0
RADCAP - Hard Trance	http://79.120.77.11:8000/hardtrance	0
RADCAP - Uplifting Trance	http://79.111.119.111:8000/upliftingtrance	0
Energy Trance - 101.ru	https://pub0302.101.ru:8443/stream/trust/mp3/128/19	0
RADCAP - Forest Psytrance	http://213.141.131.10:8000/forestpsytrance	0
Радио Ultra	https://nashe1.hostingradio.ru:443/ultra-256	0
RADCAP - Progressive Psytrance	http://79.120.39.202:8000/psyprog	0
RADCAP - Progressive Trance	http://79.120.39.202:8000/progtrance	0
RADCAP - Trance	http://79.120.77.11:8000/trance	0
RADCAP - GOA Trance	http://79.120.39.202:8000/goatrance	0
RADCAP - PSY Trance	http://79.111.119.111:8000/psytrance	0
RADCAP - Vocal Trance	http://79.120.39.202:8000/vocaltrance	0
House - 101.ru	https://pub0302.101.ru:8443/stream/trust/mp3/128/10	0
RADCAP - Electro House	http://79.111.14.76:8000/electrohouse	0
RADCAP - House	http://79.120.77.11:8000/house	0
RADCAP - Eurohouse	http://79.111.119.111:8000/eurohouse	0
RADCAP - Russian Club Dance	http://79.120.77.11:8000/clubru	0
RADCAP - Progressive House	http://79.111.119.111:8000/proghouse	0
RADCAP - Future Bass & Chill Trap	http://213.141.131.10:8000/futurebass	0
Для Двоих	https://icecast-radiofortwo.cdnvideo.ru:443/radiofortwo	0
Ретро FM 105.3 FM	https://retro.hostingradio.ru:8043/retro256.mp3	0
Viva Eurodance	http://stream.radioextra-bg.net:8000/viva-eurodance	0
Best FM	https://nashe1.hostingradio.ru:443/best-256	0
Дача 107.6 FM	https://listen.vdfm.ru:8000/dacha	0
RR Radio Record	https://radiorecord.hostingradio.ru:443/rr_main96.aacp	0
RR Dream Pop	https://radiorecord.hostingradio.ru:443/dreampop96.aacp	0
RR Chill House	https://radiorecord.hostingradio.ru:443/chillhouse96.aacp	0
RR Innocence	https://radiorecord.hostingradio.ru:443/ibiza96.aacp	0
RR Ambient	https://radiorecord.hostingradio.ru:443/ambient96.aacp	0
RR Summer Dance	https://radiorecord.hostingradio.ru:443/summerparty96.aacp	0
RR Lo-Fi	https://radiorecord.hostingradio.ru:443/lofi96.aacp	0
RR Deep	https://radiorecord.hostingradio.ru:443/deep96.aacp	0
RR VIP House	https://radiorecord.hostingradio.ru:443/vip96.aacp	0
RR Tech House	https://radiorecord.hostingradio.ru:443/techouse96.aacp	0
RR Chill-Out	https://radiorecord.hostingradio.ru:443/chil96.aacp	0
RR Trancemission	https://radiorecord.hostingradio.ru:443/tm96.aacp	0
RR Black Rap	https://radiorecord.hostingradio.ru:443/yo96.aacp	0
RR Megamix	https://radiorecord.hostingradio.ru:443/mix96.aacp	0
RR Record Gold	https://radiorecord.hostingradio.ru:443/gold96.aacp	0
RR Remix	https://radiorecord.hostingradio.ru:443/rmx96.aacp	0
RR Pirate Station	https://radiorecord.hostingradio.ru:443/ps96.aacp	0
Диполь-ФМ	http://icecast.sibinformburo.cdnvideo.ru:8000/dipolfm	0
RR Epic-lounge	http://stream.epic-lounge.com/soft-house-lounge	0
RR Russian Gold	https://radiorecord.hostingradio.ru:443/russiangold96.aacp	0
RR Супердискотека 90-х	https://radiorecord.hostingradio.ru:443/sd9096.aacp	0
RR EDM	https://radiorecord.hostingradio.ru:443/club96.aacp	0
RR Minimal/Tech	https://radiorecord.hostingradio.ru:443/mini96.aacp	0
RR Trance Classics	https://radiorecord.hostingradio.ru:443/trancehits96.aacp	0
RR Tropical	https://radiorecord.hostingradio.ru:443/trop96.aacp	0
RR House Classics	https://radiorecord.hostingradio.ru:443/houseclss96.aacp	0
RR D'n'B Classics	https://radiorecord.hostingradio.ru:443/drumhits96.aacp	0
RR EDM Classics	https://radiorecord.hostingradio.ru:443/edmhits96.aacp	0
RR Future House	https://radiorecord.hostingradio.ru:443/fut96.aacp	0
RR RR Trap	https://radiorecord.hostingradio.ru:443/trap96.aacp	0
RR Rap Classics	https://radiorecord.hostingradio.ru:443/rapclassics96.aacp	0
RR Progressive	https://radiorecord.hostingradio.ru:443/progr96.aacp	0
RR Breaks	https://radiorecord.hostingradio.ru:443/brks96.aacp	0
RR Trancehouse	https://radiorecord.hostingradio.ru:443/trancehouse96.aacp	0
RR Organic	https://radiorecord.hostingradio.ru:443/organic96.aacp	0
RR Rap Hits	https://radiorecord.hostingradio.ru:443/rap96.aacp	0
Юность	http://icecast.vgtrk.cdnvideo.ru/unost	0
RR Russian Mix	https://radiorecord.hostingradio.ru:443/rus96.aacp	0
RR House Hits	https://radiorecord.hostingradio.ru:443/househits96.aacp	0
RR Маятник Фуко	https://radiorecord.hostingradio.ru:443/mf96.aacp	0
RR Bass House	https://radiorecord.hostingradio.ru:443/jackin96.aacp	0
RR Russian Hits	https://radiorecord.hostingradio.ru:443/russianhits96.aacp	0
RR Big Hits	https://radiorecord.hostingradio.ru:443/bighits96.aacp	0
RR Dream Dance	https://radiorecord.hostingradio.ru:443/dream96.aacp	0
RR GOA/PSY	https://radiorecord.hostingradio.ru:443/goa96.aacp	0
RR Uplifting	https://radiorecord.hostingradio.ru:443/uplift96.aacp	0
RR Electro	https://radiorecord.hostingradio.ru:443/elect96.aacp	0
RR Dancecore	https://radiorecord.hostingradio.ru:443/dc96.aacp	0
RR Future Bass	https://radiorecord.hostingradio.ru:443/fbass96.aacp	0
RR Liquid Funk	https://radiorecord.hostingradio.ru:443/liquidfunk96.aacp	0
RR Neurofunk	https://radiorecord.hostingradio.ru:443/neurofunk96.aacp	0
RR Eurodance	https://radiorecord.hostingradio.ru:443/eurodance96.aacp	0
RR Technopop	https://radiorecord.hostingradio.ru:443/technopop96.aacp	0
RR Synthwave	https://radiorecord.hostingradio.ru:443/synth96.aacp	0
RR Disco/Funk	https://radiorecord.hostingradio.ru:443/discofunk96.aacp	0
RR Dubstep	https://radiorecord.hostingradio.ru:443/dub96.aacp	0
RR Midtempo	https://radiorecord.hostingradio.ru:443/mt96.aacp	0
RR Techno	https://radiorecord.hostingradio.ru:443/techno96.aacp	0
RR Hardstyle	https://radiorecord.hostingradio.ru:443/teo96.aacp	0
RR Tecktonik	https://radiorecord.hostingradio.ru:443/tecktonik96.aacp	0
RR Old School	https://radiorecord.hostingradio.ru:443/pump96.aacp	0
RR 2-step	https://radiorecord.hostingradio.ru:443/2step96.aacp	0
RR Hard Bass	https://radiorecord.hostingradio.ru:443/hbass96.aacp	0
RR Darkside	https://radiorecord.hostingradio.ru:443/darkside96.aacp	0
RR Moombahton	https://radiorecord.hostingradio.ru:443/mmbt96.aacp	0
RR Hypnotic	https://radiorecord.hostingradio.ru:443/hypno96.aacp	0
RR Groove/Tribal	https://radiorecord.hostingradio.ru:443/groovetribal96.aacp	0
RR Christmas	https://radiorecord.hostingradio.ru:443/christmas96.aacp	0
RR Rave FM	https://radiorecord.hostingradio.ru:443/rave96.aacp	0
RR Гоп FM	https://radiorecord.hostingradio.ru:443/gop96.aacp	0
RR Rock	https://radiorecord.hostingradio.ru:443/rock96.aacp	0
RR 60's Dance	https://radiorecord.hostingradio.ru:443/cadillac96.aacp	0
RR Complextro	https://radiorecord.hostingradio.ru:443/complextro96.aacp	0
RR Jungle	https://radiorecord.hostingradio.ru:443/jungle96.aacp	0
RR 70's Dance	https://radiorecord.hostingradio.ru:443/197096.aacp	0
RR 80's	https://radiorecord.hostingradio.ru:443/198096.aacp	0
RR Гастарбайтер FM	https://radiorecord.hostingradio.ru:443/gast96.aacp	0
RR Веснушка FM	https://radiorecord.hostingradio.ru:443/deti96.aacp	0
RR Медляк FM	https://radiorecord.hostingradio.ru:443/mdl96.aacp	0
RR Нафталин FM	https://radiorecord.hostingradio.ru:443/naft96.aacp	0
RR Руки Вверх!	https://radiorecord.hostingradio.ru:443/rv96.aacp	0
Русское Радио 105.7	https://rusradio.hostingradio.ru:443/rusradio96.aacp	0
SECTOR Progressive (mp3)	http://89.223.45.5:8000/progressive-mp3	0
RR Симфония FM	https://radiorecord.hostingradio.ru:443/symph96.aacp	0
SECTOR Geny (mp3)	http://89.223.45.5:8000/geny-mp3	0
SECTOR Space (mp3)	http://89.223.45.5:8000/space-mp3	0
SECTOR Next (mp3)	http://89.223.45.5:8000/next-mp3	0
SECTOR Progressive (ogg-vorbis)	http://89.223.45.5:8000/progressive-160	0
SECTOR Space 192 (ogg-vorbis)	http://89.223.45.5:8000/space-160	0
SECTOR Nota (mp3)	http://89.223.45.5:8000/nota-mp3	0
SECTOR Geny 192 (ogg-vorbis)	http://89.223.45.5:8000/geny-160	0
SECTOR Progressive (ogg-opus)	http://89.223.45.5:8000/progressive-56	0
SECTOR Indigo (mp3)	http://89.223.45.5:8000/indigo-mp3	0
SECTOR Space 56 (ogg-opus)	http://89.223.45.5:8000/space-56	0
SECTOR Next 192 (ogg-vorbis)	http://89.223.45.5:8000/next-160	0
SECTOR Zed (mp3)	http://89.223.45.5:8000/zed-mp3	0
SECTOR Nota 192 (ogg-vorbis)	http://89.223.45.5:8000/nota-160	0
SECTOR Nota 56 (ogg-opus)	http://89.223.45.5:8000/nota-56	0
SomaFM Live	http://ice3.somafm.com:80/live-128-aac	0
SECTOR Indigo 192 (ogg-vorbis)	http://89.223.45.5:8000/indigo-160	0
SECTOR Geny 56 (ogg-opus)	http://89.223.45.5:8000/geny-56	0
SECTOR Next 56 (ogg-opus)	http://89.223.45.5:8000/next-56	0
SECTOR Zed 192 (ogg-vorbis)	http://89.223.45.5:8000/zed-160	0
SomaFM Mission Control	http://ice4.somafm.com:80/missioncontrol-128-aac	0
SECTOR Zed 56 (ogg-opus)	http://89.223.45.5:8000/zed-56	0
SomaFM Dub Step Beyond	http://ice6.somafm.com:80/dubstep-128-aac	0
SomaFM Drone Zone	http://ice2.somafm.com:80/dronezone-128-aac	0
SomaFM Lush	http://ice3.somafm.com:80/lush-128-aac	0
SomaFM DEF CON Radio	http://ice5.somafm.com:80/defcon-128-aac	0
SECTOR Indigo 56 (ogg-opus)	http://89.223.45.5:8000/indigo-56	0
SomaFM Deep Space One	http://ice5.somafm.com:80/deepspaceone-128-aac	0
SomaFM Fluid	http://ice3.somafm.com:80/fluid-128-aac	0
SomaFM Groove Salad	http://ice5.somafm.com:80/groovesalad-128-aac	0
SomaFM Space Station	http://ice5.somafm.com:80/spacestation-128-aac	0
SomaFM Specials	http://ice3.somafm.com:80/specials-128-aac	0
SomaFM Metal Detector	http://ice6.somafm.com:80/metal-128-aac	0
SomaFM Beat Blender	http://ice5.somafm.com:80/beatblender-128-aac	0
1.FM A List 80s	https://strm112.1.fm/back280s_mobile_mp3	0
1.FM Absolute 70's Pop Radio	https://strm112.1.fm/70s_mobile_mp3	0
1.FM Absolute Country Hits Radio	https://strm112.1.fm/acountry_mobile_mp3	0
1.FM Absolute 90's Radio	https://strm112.1.fm/90s_mobile_mp3	0
1.FM America's Best Ballads Radio	https://strm112.1.fm/onelive_mobile_mp3	0
1.FM Absolute Pop Latino Radio	https://strm112.1.fm/latino_mobile_mp3	0
1.FM Absolute 90s Party Zone Radio	https://strm112.1.fm/partyzone90s_mobile_mp3	0
1.FM Acappella Radio	https://strm112.1.fm/acpl_mobile_mp3	0
1.FM Adore Jazz Radio	https://strm112.1.fm/ajazz_mobile_mp3	0
1.FM Afterbeat Electronica Radio	https://strm112.1.fm/electronica_mobile_mp3	0
1.FM All Euro 80's Radio	https://strm112.1.fm/80s_90s_mobile_mp3	0
1.FM All Times & Urban Gospel Radio	https://strm112.1.fm/gospel_mobile_mp3	0
1.FM Alternative Rock X Hits Radio	https://strm112.1.fm/x_mobile_mp3	0
1.FM Always-Christmas Radio	https://strm112.1.fm/christmas_mobile_mp3	0
1.FM Bay Smooth Jazz Radio	https://strm112.1.fm/smoothjazz_mobile_mp3	0
1.FM Blues Radio	https://strm112.1.fm/blues_mobile_mp3	0
1.FM Back To The 50's & 60's Radio	https://strm112.1.fm/60s_70s_mobile_mp3	0
1.FM Bombay Beats India Radio	https://strm112.1.fm/bombaybeats_mobile_mp3	0
1.FM Chillout Lounge Radio	https://strm112.1.fm/chilloutlounge_mobile_mp3	0
1.FM Classic Country Radio	https://strm112.1.fm/ccountry_mobile_mp3	0
1.FM Classic Rock Replay Radio	https://strm112.1.fm/crock_mobile_mp3	0
1.FM Bossa Nova Hits Radio	https://strm112.1.fm/bossanova_mobile_mp3	0
1.FM Country One Radio	https://strm112.1.fm/country_mobile_mp3	0
1.FM Cafe Radio	https://strm112.1.fm/caferadio_mobile_mp3	0
1.FM Brazilian Birds Radio	https://strm112.1.fm/brazilianbirds_mobile_mp3	0
1.FM Deep House Radio	https://strm112.1.fm/deephouse_mobile_mp3	0
1.FM Circuit Pride Radio	https://strm112.1.fm/circuitpride_mobile_mp3	0
1.FM Club 1 Radio	https://strm112.1.fm/club_mobile_mp3	0
1.FM Costa Del Mar	https://strm112.1.fm/costadelmarchillout_mobile_mp3	0
1.FM Dance One Radio	https://strm112.1.fm/dance_mobile_mp3	0
1.FM Destination: SPA Radio	https://strm112.1.fm/spa_mobile_mp3	0
1.FM Disco Ball 70's-80's Radio	https://strm112.1.fm/disco_mobile_mp3	0
1.FM Eurovision Radio	https://strm112.1.fm/eurovision_mobile_mp3	0
1.FM Exitos del Ayer Radio	https://strm112.1.fm/spanisholdies_mobile_mp3	0
1.FM High Voltage Radio	https://strm112.1.fm/highvoltage_mobile_mp3	0
1.FM Jamz Radio	https://strm112.1.fm/jamz_mobile_mp3	0
1.FM Love Classics Radio	https://strm112.1.fm/loveclassics_mobile_mp3	0
1.FM Movie Soundtracks Hits Radio	https://strm112.1.fm/moviesoundtracks_mobile_mp3	0
1.FM Funky Express Radio	https://strm112.1.fm/funkyexpress_mobile_mp3	0
1.FM ReggaeTrade Radio	https://strm112.1.fm/reggae_mobile_mp3	0
1.FM Otto's Baroque Music Radio	https://strm112.1.fm/baroque_mobile_mp3	0
1.FM Otto's Classical Music Radio	https://strm112.1.fm/classical_mobile_mp3	0
1.FM Otto's Opera House Music Radio	https://strm112.1.fm/opera_mobile_mp3	0
1.FM Dubstep Forward Radio	https://strm112.1.fm/dubstep_mobile_mp3	0
1.FM Eternal Praise & Worship Radio	https://strm112.1.fm/praise_mobile_mp3	0
1.FM Polska FM Radio	https://strm112.1.fm/polskafm_mobile_mp3	0
1.FM Radio Gaia	https://strm112.1.fm/radiogaia_mobile_mp3	0
Радио СИ	http://online.radioc.ru:8000/radioc_aacplus	0
1.FM Samba Hits Brazil Radio	https://strm112.1.fm/samba_mobile_mp3	0
Радио NRJ	http://pub0302.101.ru:8000/stream/reg/mp3/128/region_energy_60	0
Радио Вышка	http://stream.vyshka24.ru:80/192	0
1.FM Gorilla FM Radio	https://strm112.1.fm/gorillafm_mobile_mp3	0
Волна-FM	http://radio.volnafm.ru:8000/ekb	0
Радио Монте-Карло	http://online-1.gkvr.ru:8000/mc_eka_64.aac	0
1.FM Italia On Air Radio	https://strm112.1.fm/italiaonair_mobile_mp3	0
Европа Плюс	http://online-1.gkvr.ru:8000/europa_eka_64.aac	0
1.FM Kids FM Radio	https://strm112.1.fm/kidsfm_mobile_mp3	0
1.FM Magic 80 Radio	https://strm112.1.fm/magic80_mobile_mp3	0
WHRW Binghamton	http://stream.whrwfm.org/hi.ogg	0
StationPlaylist.com	http://s2.stationplaylist.com:9000/spl96.ogg	0
NachtPiraat OGGvorbis	http://live-kerk-stream.nl:8020/live.mp3	0
OGGiN-Ede	http://live-kerk-stream.nl:8020/live.mp3	0
OGGiN Beekbergen	http://85.214.244.103:8006/stream	0
1.FM MPB Hits Radio	https://strm112.1.fm/mpb_mobile_mp3	0
G-Radio OGG - 32kbps	http://88.212.34.18:8000/lowband.ogg	0
G-Radio OGG - 80kbps	http://88.212.34.18:8000/midband.ogg	0
powerfm.org - 320Kbps OGG Stream	http://icecast.powerfm.org:8000/powerfm.ogg	0
128ogg (opus)	http://noasrv.caster.fm:10099/128ogg_autodj	0
64ogg (opus +tag)	http://noasrv.caster.fm:10099/64ogg_autodj	0
Solo Piano Radio	http://pianosolo.streamguys.net:80/live	0
Jujufree [f][256k][ogg]	http://jujufree.fr:8000/juju-256K.ogg	0
1.FM Sertaneja Hits Radio	https://strm112.1.fm/sertanejo_mobile_mp3	0
1.FM Slow Jamz Radio	https://strm112.1.fm/slowjamz_mobile_mp3	0
Nemzetiségi adások (ogg)	http://stream002.radio.hu/mr4.ogg	0
Kossuth Radio (ogg)	http://stream002.radio.hu/mr1.ogg	0
1.FM Top Fiesta Radio	https://strm112.1.fm/spanishparty_mobile_mp3	0
Bartók Rádió (ogg)	http://stream002.radio.hu/mr3.ogg	0
Hi On Line Classic Radio	http://mediaserv30.live-streams.nl:2199/tunein/hionlineclassic.pls	0
Radio Brony (OGG)	http://radiobrony.live:8000/ogg	0
TT-node radio	http://stream.p-node.org/pnode.ogg	0
Hi On Line Latin Radio	http://mediaserv33.live-streams.nl:2199/tunein/hionlinelatin.pls	0
Hi On Line Lounge Radio	http://mediaserv33.live-streams.nl:2199/tunein/hionlinelounge.pls	0
1.FM Sax4Ever	https://strm112.1.fm/sax4ever_mobile_mp3	0
L'UniCo Campusradio Paderborn	http://icecast.l-uni.co:8001/lunico_high_ogg	0
Hi On Line Gold Radio	http://mediaserv30.live-streams.nl:8000/stream	0
Hi On Line Radio	http://mediaserv30.live-streams.nl:2199/tunein/hionline.pls	0
Pinguin Radio (unknown)	http://pr320.pinguinradio.com/listen.pls	0
Organlive EU 320k	http://play2.organlive.com:7000/320	0
RadioReadymix.nl	http://server-26.stream-server.nl:8522/stream	0
Radio Free Brazi Ogg	http://rfb.brazi.net:8000/rfb.ogg	0
Onj's TV - OggFlac	http://2.onj.me:8000/tv.flac	0
P-Node Server live sonification	http://stream.p-node.org/Server-sonification.ogg	0
RADIO1 (vorbis)	http://stream.radioreklama.bg:80/radio1.ogg	0
The Sound of the 90s (vorbis)	http://streaming.radiodancefloor.it:80/live.vorbis	0
ENERGY (vorbis)	http://stream.radioreklama.bg:80/nrj_low.ogg	0
RADIO 1ROCK (vorbis)	http://stream.radioreklama.bg:80/radio1rock.ogg	0
1.FM Samba Rock Radio	https://strm112.1.fm/sambarock_mobile_mp3	0
RadioMonsterFM - Schlager	http://schlager.radiomonster.fm/320.mp3	0
RadioMonsterFM - Evergreens	http://evergreens.radiomonster.fm/320.mp3	0
RadioMonsterFM - Tophits	http://tophits.radiomonster.fm/320.mp3	0
Hi On Line World Radio	http://mediaserv38.live-streams.nl:8027/live	0
0N 90s	http://0n-90s.radionetz.de:8000/0n-90s.mp3	0
0N 80s	http://0n-80s.radionetz.de:8000/0n-80s.mp3	0
0N Schlager	http://0n-schlager.radionetz.de:8000/0n-schlager.mp3	0
0N Electro	http://0n-electro.radionetz.de:8000/0n-electro.mp3	0
0N Disco	http://0n-disco.radionetz.de:8000/0n-disco.mp3	0
0N Gay	http://0n-gay.radionetz.de:8000/0n-gay.mp3	0
bermuda.funk (vorbis)	http://streaming.fueralle.org:8000/bermudafunk.ogg	0
0N Dance	http://0n-dance.radionetz.de:8000/0n-dance.mp3	0
Radio Helikon (vorbis)	http://radio.helikon.bg:9000/live_ogg	0
1Live, WDR Koeln	http://www.wdr.de/wdrlive/media/einslive.m3u	0
105,5 DAS HITRADIO	http://www.surfmusic.de/m3u/100-5-das-hitradio,4529.m3u	0
Offshore Music Radio (vorbis)	http://bitsmitter.com:8006/omr.ogg	0
89.0 RTL	http://stream.89.0rtl.de/live/mp3-256/direktlinkHP/play.m3u	0
88vier	http://ice.rosebud-media.de:8000/88vier	0
1.FM Total Hits En Espa ol Radio	https://strm112.1.fm/spanishtophits_mobile_mp3	0
89 HIT FM	http://stream.hitfm.de:9050/live	0
KXLE FM 95.3 Live OGG 64 kb/s (vorbis)	http://kxleamfm.com:8000/kxlefm.ogg	0
Alpenwelle	http://live.alpenwelle.de/alpenwelle128	0
93,6 JAM FM	http://stream.jam.fm/jamfm-live/mp3-128/vtuner/	0
105.5 Spreeradio	http://stream.spreeradio.de/spree-live/mp3-128/vtuner/	0
ANTENNE BAYERN	http://www.antenne.de/webradio/antenne.m3u	0
94.3 RS2	http://stream.rs2.de/rs2/mp3-128/internetradio	0
94.3 RS2 Partymix	http://stream.rs2.de/rs2-relax/mp3-128/internetradio	0
95.5 Charivari	http://rs5.stream24.net:80/stream	0
Antenne Niederrhein	http://www.surfmusic.de/m3u/antenne-niederrhein,7222.m3u	0
ANTENNE BAYERN Chillout	http://mp3channels.webradio.antenne.de/chillout	0
106.4 TOP FM	http://mp3.topfm.c.nmdn.net/ps-topfm/livestream.mp3	0
ANTENNE BAYERN Top 40	http://www.antenne.de/webradio/channels/top-40.m3u	0
ANTENNE BAYERN Fresh	http://mp3channels.webradio.antenne.de/fresh	0
Antenne Mainz	http://www.surfmusik.de/m3u/antenne-mainz-106-6-fm,14569.m3u	0
ANTENNE BAYERN Oldies but Goldies	http://mp3channels.webradio.antenne.de/oldies-but-goldies	0
Antenne Saar Livestream	http://streaming01.sr-online.de/antennesaar_2.m3u	0
Antenne Unna (unknown)	http://dd11422.kasserver.com:8010/	0
98.8 KISS FM	http://stream.kissfm.de/kissfm/mp3-128/internetradio	0
antenne-koeln	http://vtuner.stream.laut.fm/antenne-koeln	0
Bayern 3	http://streams.br.de/bayern3_2.m3u	0
Bayern 2 SГјd	http://streams.br.de/bayern2sued_2.m3u	0
Bayern 1 OberbayernС‘	http://streams.br.de/bayern1obb_2.m3u	0
AlternativeFM	http://alternativefm.cast.addradio.de/alternativefm/simulcast/high/stream.mp3	0
BHeins (unknown)	http://46.163.75.84:8000	0
Deutschlandfunk	http://st01.dlf.de/dlf/01/128/mp3/stream.mp3	0
apollo radio	http://streams.bcs-systems.de/apollo/live/sachsen/mp3/radioplayer/web	0
DIE NEUE 107.7	http://www.surfmusik.de/m3u/die-neue-107-7-rock,16562.m3u	0
DEFJAY.DE - 100% R&B! (GERMANY)	http://icepool.silvacast.com/DEFJAY.mp3	0
COUNTRY 108	http://tuner.country108.com:80	0
die neue welle	http://www.die-neue-welle.DE/dnw_128.m3u	0
DONAU 3 FM (aac)	http://www.surfmusik.de/m3u/donau-3-fm,6486.m3u	0
Dlf Nova	http://st03.dlf.de/dlf/03/128/mp3/stream.mp3	0
delta radio	http://streams.deltaradio.de/delta-live/mp3-192/streams.deltaradio.de/	0
Antenne Niedersachsen	http://stream.antenne.com/deutsch/mp3-128/stream.antenne.com/	0
Fritz vom rbb	http://www.fritz.de/live.m3u	0
fischkopp	http://fischkopp.stream.laut.fm/fischkopp?ref=vtuner	0
FEUCHT.FM	http://www.surfmusik.de/m3u/feucht-fm,18326.m3u	0
Antenne-AC	http://mp3.antenneac.c.nmdn.net/ps-antenneac/livestream.mp3	0
baden.fm	http://badenfm.ip-streaming.net:8006/badenfm	0
HITS80s	http://listen.radionomy.com/1HITS80s.m3u	0
ByteFM	http://bytefm.cast.addradio.de/bytefm/main/mid/stream	0
HIT104 - Your Top 40 Channel	http://tuner.hit104.com:80	0
Gong 97,1 (unknown)	http://webstream.gong971.de/gong971	0
JACK FM	http://tuner.jackfm.de:80/	0
M1-Chillout	http://tuner.m1.fm/chillout.mp3	0
kick!fm	http://live.kickfm.eu:8000/	0
MDR JUMP	http://avw.mdr.de/streams/284320-0_mp3_high.m3u	0
M1-Hits	http://tuner.m1.fm/hits.mp3	0
I Love Radio	http://www.iloveradio.de/iloveradio.m3u	0
harmony.fm	http://mp3.harmonyfm.de/harmonyfm/hqlivestream.mp3	0
MDR SACHSEN (16 aac)	http://avw.mdr.de/streams/284280-0_aac_high.m3u	0
MDR THUERINGEN	http://avw.mdr.de/streams/284300-0_mp3_high.m3u	0
MDR SPUTNIK	http://avw.mdr.de/streams/284330-0_mp3_high.m3u	0
Hitradio N1 (unknown)	http://webstream.hitradion1.de/hitradion1	0
Hitradio FFH	http://mp3.ffh.de/radioffh/hqlivestream.mp3	0
NDR1 Radio MV	http://www.ndr.de/resources/metadaten/audio/m3u/ndr1radiomv.m3u	0
NDR 90,3	http://www.ndr.de/resources/metadaten/audio/m3u/ndr903.m3u	0
N JOY	http://www.ndr.de/resources/metadaten/audio/m3u/n-joy.m3u	0
NDR2 MV	http://www.ndr.de/resources/metadaten/audio/m3u/ndr2_mv.m3u	0
Neckaralb Live	http://www.surfmusik.de/m3u/neckaralb-live,18555.m3u	0
MEER RADIO 88.0	http://meerradio.ip-streaming.net/meerradio	0
JOKE FM	http://rs33.stream24.net/joke-fm.mp3	0
Radio 8	http://stream.radio8.de:8000/live	0
Radio Bamberg	http://rs1.stream24.net:80/stream	0
Radio Arabella (aac)	http://rs6.stream24.net/stream.aac	0
MAXX FM	http://mp3ad.radiob2maxxfm.c.nmdn.net/radiob2maxxfm/livestream.mp3	0
planet radio iTunes hot 40	http://mp3.planetradio.de/planetradio/hqlivestream.mp3	0
R.SH	http://streams.rsh.de/rsh-live/mp3-192/vtuner/	0
Radio Bonn Rhein-Sieg	http://www.surfmusik.de/m3u/radio-bonn-rhein-sieg,998.m3u	0
R.SH Sylt	http://streams.rsh.de/rsh-sylt/mp3-192/mediaplayer	0
Radio Brocken	http://stream.radiobrocken.de/live/mp3-128/radioplayerhp/play.m3u	0
Radio Duisburg (aac)	http://www.surfmusik.de/m3u/radio-duisburg,9690.m3u	0
Radio Eins	http://webstream.radioeins.com/radio-eins.mp3	0
FLENSBURG (нет титров)	http://www.surfmusik.de/m3u/radio-flensburg,9276.m3u	0
RADIO BOB!	http://streams.radiobob.de/bob-live/mp3-192/vtuner/	0
Radio Mainwelle	http://webstream.mainwelle.de/radio-mainwelle.mp3	0
Radio Nienburg Mittelweser	http://www.surfmusik.de/m3u/radio-mittelweser-103-3-fm,15245.m3u	0
radio B2 Berlin-Brandenburg	http://mp3ad.radiob2.c.nmdn.net/ps-radiob2regional/livestream.mp3	0
Radio Erzgebirge (aac)	http://streaming.radioerzgebirge.de/radio-erzgebirge_simulcast_128k_mp3	0
Radio Okerwelle 104.6	http://www.surfmusik.de/m3u/radio-okerwelle,988.m3u	0
Radio Dresden (aac)	http://streaming.radiodresden.de/radio-dresden_simulcast_128k_mp3	0
radio ffn	http://stream.ffn.de/ffn/mp3-192/	0
Radio Ostfriesland	http://www.surfmusik.de/m3u/radio-ostfriesland,9899.m3u	0
Radio Plassenburg 101,6	http://rs15.stream24.net/stream	0
Radio Ton	http://live.radioton.de/rt-live-hn.m3u	0
Radio RГјsselsheim	http://www.radio-r.net:8000/radio-r	0
radio Guetersloh	http://mp3.radioguetersloh.c.nmdn.net/ps-radioguetersloh/livestream.mp3	0
radio Herford	http://mp3.radioherford.c.nmdn.net/ps-radioherford/livestream.mp3	0
Radio Nordseewelle	http://stream.radio-nordseewelle.de/live/mp3-192/vtuner/	0
radioeins vom rbb	http://www.radioeins.de/live.m3u	0
SR1	http://streaming01.sr-online.de/sr1_2.m3u	0
Radio PSR	http://streams.radiopsr.de/psr-live/mp3-192/streams.radiopsr.de/	0
Radio Seefunk - RSF	http://webradio.radio-seefunk.de:8000	0
radio-ilmwelle	http://www.surfmusik.de/m3u/radio-ilmwelle,17933.m3u	0
Radio SalГј - Top100	http://internetradio.salue.de:8000/top100.mp3	0
SR3	http://streaming01.sr-online.de/sr3_2.m3u	0
ROCK ANTENNE	http://www.rockantenne.de/webradio/rockantenne.m3u	0
UnserDing	http://streaming01.sr-online.de/unserding_1.m3u	0
radio SAW	http://stream.radiosaw.de/	0
Radio FREEQUENNS	http://www.freequenns.at:8000/rflow	0
sunshine live	http://www.surfmusik.de/m3u/radio-sunshine-live,917.m3u	0
Syltfunk	http://www.surfmusik.de/m3u/syltfunk-radio,18227.m3u	0
TIDE 96,0	http://www.surfmusik.de/m3u/tide-96-0,10289.m3u	0
88.6 Wien	http://www.surfmusik.de/m3u/radio-88-6-fm,10712.m3u	0
Radio Uno	http://host5.cartwall.at:8888/listen.pls	0
Unzmarkt-Frauenburg LIVE	http://www.cartwall.at:7320/listen.pls	0
Hitradio MS One	http://stream.msone.de:9000	0
Radio GrГјn-WeiГџ	http://live.gruen-weiss.at/rgw.mp3	0
Radio38	http://stream.radio38.de/bs/mp3-128/stream.radio38.de/	0
Radiofabrik 107,5	http://stream.radiofabrik.at:8000/rf_low.mp3	0
Radio Technikum	http://fc.macjingle.net:8200/listen.pls	0
RADIO TOP	http://icecast.radiotop.ch/radiotop_128.m3u	0
RADIO TOP TWO	http://icecast.radiotop.ch/toptwo_128.m3u	0
Radio Swiss Pop	http://stream.srg-ssr.ch/rsp/mp3_128.m3u	0
SRF 1	http://stream.srg-ssr.ch/drs1/mp3_128.m3u	0
SRF 2	http://stream.srg-ssr.ch/drs2/mp3_128.m3u	0
SRF 3	http://stream.srg-ssr.ch/drs3/mp3_128.m3u	0
SRF Musikwelle	http://stream.srg-ssr.ch/drsmw/mp3_128.m3u	0
Rockland	http://stream.rockland-digital.de/rockland/mp3-128	0
SRF Virus	http://stream.srg-ssr.ch/drsvirus/mp3_128.m3u	0
Capital London	http://media-sov.musicradio.com:80/CapitalMP3	0
BRF Radio 1	http://streaming.brf.be/brf1-high.mp3	0
radiotell.ch	http://stream.radiotell.ch/radiotell.mp3	0
STAR SAT RADIO	http://mp3ad.radiob2starsat.c.nmdn.net/ps-radiob2starsat/livestream.mp3	0
BRF Radio 2	http://streaming.brf.be:80/brf2-high.mp3	0
BelgianOldiesRadio	http://listen.radionomy.com/niceoldies	0
Heart London	http://media-ice.musicradio.com/HeartLondonMP3	0
my105 Original	http://stream01.my105.ch/my105original.mp3	0
Gold London	http://media-ice.musicradio.com/Gold.m3u	0
LBC London	http://media-ice.musicradio.com/LBCLondon.m3u	0
Radio X London	http://media-ice.musicradio.com/RadioXLondon.m3u	0
Radio Caroline	http://sc3.radiocaroline.net:8030/listen.pls	0
Power Radio	http://85.25.217.22:8020/stream	0
Fun Kids Radio	http://www.funkidslive.com/player/aggregator-96-mp3.m3u	0
CFM	http://stric6.streamakaci.com/cfmradio.mp3	0
45Tours	http://listen.radionomy.com/45tours	0
France1Max	http://listen.radionomy.com/france1max.m3u	0
Radio 4 TNG (failed)	http://radio4tng.ice.infomaniak.ch/radio4tng-live-web.mp3.m3u	0
Radio Kaiseregg	http://radiokaiseregg128k.ice.infomaniak.ch/playlists/stream128k.mp3.m3u	0
RJMFrench	http://listen.radionomy.com/rjm-french.m3u	0
neo1	http://webradio.neo1.ch/neo1	0
MusicOnlyFM	http://listen.radionomy.com/musiconly-fm	0
EVASION (unknown)	http://www.listenlive.eu/evasionfm.m3u	0
no sound (Radio FROStream 105.5 MHz)	http://www.fro.at:8008/fro-128.ogg	0
no sound (in Winamp okay)	http://www.fro.at:8008/fro-64.ogg	0
SECTOR Progressive (ogg-vorbis)	http://89.223.45.5:8000/progressive-160	0
Alouette	http://alouette.ice.infomaniak.ch:80/alouette-high.mp3	0
SECTOR Progressive (mp3)	http://89.223.45.5:8000/progressive-mp3	0
ALLZIC - Annees 80	http://allzic08.ice.infomaniak.ch/allzic08.mp3	0
Alpes 1 Gap PREMIUM	http://alpes1gap.ice.infomaniak.ch/alpes1gap-high.mp3	0
ALLZIC - Annees 90	http://allzic24.ice.infomaniak.ch/allzic24.mp3	0
SECTOR Progressive (flac)	http://89.223.45.5:8000/progressive-flac	0
SECTOR Progressive (ogg-opus)	http://89.223.45.5:8000/progressive-56	0
SECTOR Space (mp3)	http://89.223.45.5:8000/space-mp3	0
SECTOR Space (flac)	http://89.223.45.5:8000/space-flac	0
Dance Hall	https://dfm-dancehall.hostingradio.ru/dancehall96.aacp	0
SECTOR Nota (mp3)	http://89.223.45.5:8000/nota-mp3	0
SECTOR Geny (mp3)	http://89.223.45.5:8000/geny-mp3	0
SECTOR Space 192 (ogg-vorbis)	http://89.223.45.5:8000/space-160	0
SECTOR Geny (flac)	http://89.223.45.5:8000/geny-flac	0
SECTOR Nota (flac)	http://89.223.45.5:8000/nota-flac	0
SECTOR Nota 192 (ogg-vorbis)	http://89.223.45.5:8000/nota-160	0
SECTOR Space 56 (ogg-opus)	http://89.223.45.5:8000/space-56	0
SECTOR Geny 192 (ogg-vorbis)	http://89.223.45.5:8000/geny-160	0
SECTOR Next (mp3)	http://89.223.45.5:8000/next-mp3	0
SECTOR Nota 56 (ogg-opus)	http://89.223.45.5:8000/nota-56	0
Chante France	http://stream1.chantefrance.com/Chante_France.m3u	0
SECTOR Geny 56 (ogg-opus)	http://89.223.45.5:8000/geny-56	0
SECTOR Next 192 (ogg-vorbis)	http://89.223.45.5:8000/next-160	0
SECTOR Next (flac)	http://89.223.45.5:8000/next-flac	0
SECTOR Indigo (mp3)	http://89.223.45.5:8000/indigo-mp3	0
SECTOR Zed (mp3)	http://89.223.45.5:8000/zed-mp3	0
SECTOR Zed (flac)	http://89.223.45.5:8000/zed-flac	0
SECTOR Next 56 (ogg-opus)	http://89.223.45.5:8000/next-56	0
SECTOR Indigo (flac)	http://89.223.45.5:8000/indigo-flac	0
MFM Radio - PREMIUM	http://mfm.ice.infomaniak.ch/mfm-128.mp3	0
SECTOR Indigo 192 (ogg-vorbis)	http://89.223.45.5:8000/indigo-160	0
SECTOR Indigo 56 (ogg-opus)	http://89.223.45.5:8000/indigo-56	0
RADIO Only Classic Soul	https://listen.soulradio.uk/uk?n=b3bb49f8a7877e56b753	0
SECTOR Zed 192 (ogg-vorbis)	http://89.223.45.5:8000/zed-160	0
Radio1 Rock (ogg)	http://149.13.0.81/radio1rock.ogg	0
SECTOR Zed 56 (ogg-opus)	http://89.223.45.5:8000/zed-56	0
KYA radio (рвётся)	https://dce8gzszpkmfj.cloudfront.net/out/v1/4f78b4f7023144f181f08b928ccc382d/index_8.m3u8	0
Веселина Ретро (рвётся)	https://bss2.neterra.tv/veselinaretro/veselinaretro_1.m3u8	0
Cool Oldies 96 radio	http://usa7.fastcast4u.com:5058/stream.nsv	0
Витоша - Club Classics (рвётся)	https://bss2.neterra.tv/vitoshaclassics/vitoshaclassics_0.m3u8	0
Веселина Фолк (рвётся)	https://bss2.neterra.tv/veselinafolk/veselinafolk_0.m3u8	0
Радио Плевен (opus)	http://stream.metacast.eu/radio1.opus	0
Oldies108	https://radio.torchwoodhosting.com:7004/stream.nsv	0
mp4a (рвётся)	https://bss1.neterra.tv/vitosha/vitosha.m3u8	0
GotRadio The 50's	http://pureplay.cdnstream1.com/6005_64.aac	0
Веселина - Sofia-Capital (рвётся)	https://bss1.neterra.tv/veselina/stream_0.m3u8	0
Space Station Soma (mp3-128)	https://somafm.com/spacestation.pls	0
Space Station Soma (aac-128)	https://somafm.com/spacestation130.pls	0
San Francisco Police radio (mp3-128)	https://somafm.com/sf1033.pls	0
San Francisco Police radio (aac-128)	https://somafm.com/sf1033130.pls	0
(flc) Norbert - shoutcast	http://streams.norbert.de:8000/zappa.flac	0
(flc) Norbert - https	https://streams.norbert.de/zappa.flac	0
(flc) Maxxima	http://maxxima.mine.nu:8000/maxx.ogg	0
(ogg) Norbert	https://streams.norbert.de/zappa.ogg	0
California News Talk 980 CJME	https://rawlco.leanstream.co/CJMEAM?args=web_01	0
